ingredient,rxcui,display_name
metformin,RXCUI:6809,metformin
glipizide,RXCUI:4821,Glipizide
gliclazide,RXCUI:4816,gliclazide
glimepiride,RXCUI:25789,Glimepiride
sitagliptin,RXCUI:593411,sitagliptin
linagliptin,RXCUI:1100699,Linagliptin
empagliflozin,RXCUI:1545653,Empagliflozin
dapagliflozin,RXCUI:1488564,Dapagliflozin
insulin glargine,RXCUI:274783,Insulin Glargine
insulin aspart,RXCUI:51428,Insulin Aspart
pioglitazone,RXCUI:33738,PIOGLITAZONE
lisinopril,RXCUI:29046,Lisinopril
enalapril,RXCUI:3827,enalapril
ramipril,RXCUI:35296,Ramipril
perindopril,RXCUI:54552,perindopril
losartan,RXCUI:52175,losartan
valsartan,RXCUI:69749,Valsartan
irbesartan,RXCUI:83818,Irbesartan
candesartan,RXCUI:214354,candesartan
amlodipine,RXCUI:17767,amlodipine
nifedipine,RXCUI:7417,Nifedipine
felodipine,RXCUI:4316,Felodipine
diltiazem,RXCUI:3443,diltiazem
verapamil,RXCUI:11170,verapamil
metoprolol,RXCUI:6918,metoprolol
atenolol,RXCUI:1202,Atenolol
bisoprolol,RXCUI:19484,bisoprolol
carvedilol,RXCUI:20352,Carvedilol
propranolol,RXCUI:8787,propranolol
nebivolol,RXCUI:31555,NEBIVOLOL
hydrochlorothiazide,RXCUI:5487,Hydrochlorothiazide
chlorthalidone,RXCUI:2409,Chlorthalidone
indapamide,RXCUI:5764,Indapamide
furosemide,RXCUI:4603,Furosemide
bumetanide,RXCUI:1808,Bumetanide
spironolactone,RXCUI:9997,Spironolactone
eplerenone,RXCUI:298869,Eplerenone
doxazosin,RXCUI:49276,doxazosin
clonidine,RXCUI:2599,Clonidine
hydralazine,RXCUI:5470,hydralazine
isosorbide mononitrate,RXCUI:28004,Isosorbide mononitrate
nitroglycerin,RXCUI:4917,nitroglycerin
ranolazine,RXCUI:35829,Ranolazine
digoxin,RXCUI:3407,Digoxin
amiodarone,RXCUI:703,amiodarone
sotalol,RXCUI:9947,sotalol
flecainide,RXCUI:4441,flecainide
dronedarone,RXCUI:233698,dronedarone
atorvastatin,RXCUI:83367,ATORVASTATIN
simvastatin,RXCUI:36567,Simvastatin
rosuvastatin,RXCUI:301542,rosuvastatin
pravastatin,RXCUI:42463,pravastatin
ezetimibe,RXCUI:341248,Ezetimibe
fenofibrate,RXCUI:8703,Fenofibrate
gemfibrozil,RXCUI:4719,Gemfibrozil
niacin,RXCUI:7393,Niacin
warfarin,RXCUI:11289,warfarin
apixaban,RXCUI:1364430,Apixaban
rivaroxaban,RXCUI:1114195,Rivaroxaban
edoxaban,RXCUI:1599538,edoxaban
dabigatran,RXCUI:1546356,Dabigatran
clopidogrel,RXCUI:32968,CLOPIDOGREL
ticagrelor,RXCUI:1116632,Ticagrelor
prasugrel,RXCUI:613391,prasugrel
aspirin,RXCUI:1191,Aspirin
dipyridamole,RXCUI:3521,Dipyridamole
cilostazol,RXCUI:21107,Cilostazol
enoxaparin,RXCUI:67108,enoxaparin
heparin,RXCUI:5224,HEPARIN
omeprazole,RXCUI:7646,Omeprazole
esomeprazole,RXCUI:283742,esomeprazole
pantoprazole,RXCUI:40790,PANTOPRAZOLE
lansoprazole,RXCUI:17128,Lansoprazole
rabeprazole,RXCUI:114979,rabeprazole
famotidine,RXCUI:4278,Famotidine
ranitidine,RXCUI:9143,ranitidine
sucralfate,RXCUI:10156,Sucralfate
ondansetron,RXCUI:26225,Ondansetron
metoclopramide,RXCUI:6915,metoclopramide
domperidone,RXCUI:3626,Domperidone
loperamide,RXCUI:6468,loperamide
docusate,RXCUI:82003,docusate
senna,RXCUI:36387,SENNA
polyethylene glycol,RXCUI:8516,Polyethylene Glycol
lactulose,RXCUI:6218,Lactulose
mesalamine,RXCUI:52582,Mesalamine
azathioprine,RXCUI:1256,Azathioprine
budesonide,RXCUI:19831,Budesonide
prednisone,RXCUI:8640,Prednisone
prednisolone,RXCUI:8638,Prednisolone
methylprednisolone,RXCUI:6902,Methylprednisolone
dexamethasone,RXCUI:3264,Dexamethasone
hydrocortisone,RXCUI:5492,Hydrocortisone
fludrocortisone,RXCUI:4452,fludrocortisone
levothyroxine,RXCUI:10582,LEVOTHYROXINE
liothyronine,RXCUI:10814,LIOTHYRONINE
methimazole,RXCUI:6835,Methimazole
propylthiouracil,RXCUI:8794,Propylthiouracil
alendronate,RXCUI:46041,alendronate
risedronate,RXCUI:73056,risedronate
zoledronic acid,RXCUI:77655,Zoledronic Acid
denosumab,RXCUI:993449,Denosumab
calcitriol,RXCUI:1894,Calcitriol
cholecalciferol,RXCUI:2418,Cholecalciferol
calcium carbonate,RXCUI:1897,Calcium Carbonate
ferrous sulfate,RXCUI:24947,Ferrous Sulfate
folic acid,RXCUI:4511,Folic Acid
cyanocobalamin,RXCUI:11248,Cyanocobalamin
potassium chloride,RXCUI:8591,Potassium Chloride
magnesium oxide,RXCUI:6582,Magnesium Oxide
allopurinol,RXCUI:519,Allopurinol
febuxostat,RXCUI:73689,Febuxostat
colchicine,RXCUI:2683,Colchicine
probenecid,RXCUI:8698,Probenecid
ibuprofen,RXCUI:5640,Ibuprofen
naproxen,RXCUI:7258,Naproxen
diclofenac,RXCUI:3355,diclofenac
celecoxib,RXCUI:140587,Celecoxib
meloxicam,RXCUI:41493,Meloxicam
indomethacin,RXCUI:5781,Indomethacin
ketorolac,RXCUI:35827,ketorolac
acetaminophen,RXCUI:161,Acetaminophen
tramadol,RXCUI:10689,tramadol
codeine,RXCUI:2670,Codeine
morphine,RXCUI:7052,morphine
oxycodone,RXCUI:7804,oxycodone
hydrocodone,RXCUI:5489,hydrocodone
fentanyl,RXCUI:4337,Fentanyl
buprenorphine,RXCUI:1819,buprenorphine
naloxone,RXCUI:7242,naloxone
naltrexone,RXCUI:7243,naltrexone
gabapentin,RXCUI:25480,Gabapentin
pregabalin,RXCUI:187832,Pregabalin
duloxetine,RXCUI:72625,duloxetine
venlafaxine,RXCUI:39786,VENLAFAXINE
desvenlafaxine,RXCUI:734064,Desvenlafaxine
sertraline,RXCUI:36437,sertraline
fluoxetine,RXCUI:4493,fluoxetine
paroxetine,RXCUI:32937,paroxetine
citalopram,RXCUI:2556,citalopram
escitalopram,RXCUI:321988,escitalopram
fluvoxamine,RXCUI:42355,fluvoxamine
bupropion,RXCUI:42347,bupropion
mirtazapine,RXCUI:15996,Mirtazapine
trazodone,RXCUI:10737,trazodone
amitriptyline,RXCUI:704,amitriptyline
nortriptyline,RXCUI:7531,nortriptyline
doxepin,RXCUI:3638,doxepin
lithium,RXCUI:6448,lithium
lamotrigine,RXCUI:28439,Lamotrigine
valproate,RXCUI:40254,valproate
carbamazepine,RXCUI:2002,Carbamazepine
oxcarbazepine,RXCUI:32624,Oxcarbazepine
levetiracetam,RXCUI:114477,Levetiracetam
phenytoin,RXCUI:8183,Phenytoin
phenobarbital,RXCUI:8134,Phenobarbital
topiramate,RXCUI:38404,Topiramate
zonisamide,RXCUI:39998,Zonisamide
clonazepam,RXCUI:2598,Clonazepam
lorazepam,RXCUI:6470,Lorazepam
diazepam,RXCUI:3322,Diazepam
temazepam,RXCUI:10355,Temazepam
zolpidem,RXCUI:39993,ZOLPIDEM
zopiclone,RXCUI:40001,zopiclone
eszopiclone,RXCUI:461016,Eszopiclone
buspirone,RXCUI:1827,buspirone
hydroxyzine,RXCUI:5553,hydroxyzine
quetiapine,RXCUI:51272,QUETIAPINE
risperidone,RXCUI:35636,Risperidone
olanzapine,RXCUI:61381,Olanzapine
aripiprazole,RXCUI:89013,Aripiprazole
haloperidol,RXCUI:5093,Haloperidol
ziprasidone,RXCUI:115698,ZIPRASIDONE
paliperidone,RXCUI:679314,Paliperidone
clozapine,RXCUI:2626,Clozapine
lurasidone,RXCUI:1040028,lurasidone
donepezil,RXCUI:135447,DONEPEZIL
rivastigmine,RXCUI:183379,Rivastigmine
galantamine,RXCUI:4637,galantamine
memantine,RXCUI:6719,memantine
levodopa,RXCUI:6375,Levodopa
carbidopa,RXCUI:2019,Carbidopa
ropinirole,RXCUI:72302,ROPINIROLE
rasagiline,RXCUI:134748,rasagiline
selegiline,RXCUI:9639,selegiline
entacapone,RXCUI:60307,Entacapone
amantadine,RXCUI:620,amantadine
benztropine,RXCUI:1424,benztropine
trihexyphenidyl,RXCUI:10811,trihexyphenidyl
baclofen,RXCUI:1292,Baclofen
tizanidine,RXCUI:57258,TIZANIDINE
cyclobenzaprine,RXCUI:21949,CYCLOBENZAPRINE
methocarbamol,RXCUI:6845,Methocarbamol
dantrolene,RXCUI:3105,dantrolene
sumatriptan,RXCUI:37418,Sumatriptan
rizatriptan,RXCUI:88014,RIZATRIPTAN
zolmitriptan,RXCUI:135775,Zolmitriptan
erenumab,RXCUI:2045613,erenumab
salbutamol,RXCUI:435,salbutamol
salmeterol,RXCUI:36117,SALMETEROL
formoterol,RXCUI:25255,formoterol
tiotropium,RXCUI:69120,TIOTROPIUM
ipratropium,RXCUI:7213,Ipratropium
fluticasone,RXCUI:41126,FLUTICASONE
beclomethasone,RXCUI:1347,beclomethasone
montelukast,RXCUI:88249,MONTELUKAST
zafirlukast,RXCUI:114970,Zafirlukast
theophylline,RXCUI:10438,Theophylline
roflumilast,RXCUI:1091836,Roflumilast
cetirizine,RXCUI:20610,cetirizine
loratadine,RXCUI:28889,Loratadine
fexofenadine,RXCUI:87636,FEXOFENADINE
diphenhydramine,RXCUI:3498,diphenhydramine
chlorpheniramine,RXCUI:2400,Chlorpheniramine
pseudoephedrine,RXCUI:8896,pseudoephedrine
dextromethorphan,RXCUI:3289,Dextromethorphan
guaifenesin,RXCUI:5032,Guaifenesin
benzonatate,RXCUI:18993,Benzonatate
amoxicillin,RXCUI:723,Amoxicillin
amoxicillin clavulanate,RXCUI:19711,amoxicillin / clavulanate
penicillin,RXCUI:7986,PENICILLIN
cephalexin,RXCUI:2231,Cephalexin
cefuroxime,RXCUI:2194,cefuroxime
ceftriaxone,RXCUI:2193,ceftriaxone
azithromycin,RXCUI:18631,Azithromycin
clarithromycin,RXCUI:21212,Clarithromycin
erythromycin,RXCUI:4053,Erythromycin
doxycycline,RXCUI:3640,Doxycycline
minocycline,RXCUI:6980,minocycline
tetracycline,RXCUI:10395,Tetracycline
ciprofloxacin,RXCUI:2551,Ciprofloxacin
levofloxacin,RXCUI:82122,Levofloxacin
moxifloxacin,RXCUI:139462,moxifloxacin
trimethoprim,RXCUI:10829,Trimethoprim
sulfamethoxazole,RXCUI:10180,Sulfamethoxazole
nitrofurantoin,RXCUI:7454,Nitrofurantoin
metronidazole,RXCUI:6922,Metronidazole
clindamycin,RXCUI:2582,clindamycin
vancomycin,RXCUI:11124,Vancomycin
linezolid,RXCUI:190376,Linezolid
rifampin,RXCUI:9384,Rifampin
isoniazid,RXCUI:6038,Isoniazid
ethambutol,RXCUI:4110,ethambutol
pyrazinamide,RXCUI:8987,Pyrazinamide
fluconazole,RXCUI:4450,Fluconazole
itraconazole,RXCUI:28031,Itraconazole
voriconazole,RXCUI:121243,Voriconazole
terbinafine,RXCUI:37801,Terbinafine
nystatin,RXCUI:7597,Nystatin
acyclovir,RXCUI:281,Acyclovir
valacyclovir,RXCUI:73645,VALACYCLOVIR
ribavirin,RXCUI:9344,Ribavirin
tenofovir,RXCUI:117466,Tenofovir
emtricitabine,RXCUI:276237,Emtricitabine
efavirenz,RXCUI:195085,Efavirenz
ritonavir,RXCUI:85762,Ritonavir
lopinavir,RXCUI:195088,Lopinavir
raltegravir,RXCUI:719872,raltegravir
hydroxychloroquine,RXCUI:5521,hydroxychloroquine
chloroquine,RXCUI:2393,Chloroquine
methotrexate,RXCUI:6851,Methotrexate
leflunomide,RXCUI:27169,Leflunomide
sulfasalazine,RXCUI:9524,Sulfasalazine
cyclosporine,RXCUI:3008,Cyclosporine
tacrolimus,RXCUI:42316,Tacrolimus
mycophenolate,RXCUI:265323,mycophenolate
sirolimus,RXCUI:35302,Sirolimus
everolimus,RXCUI:141704,Everolimus
adalimumab,RXCUI:327361,Adalimumab
etanercept,RXCUI:214555,Etanercept
infliximab,RXCUI:191831,Infliximab
rituximab,RXCUI:121191,Rituximab
tocilizumab,RXCUI:612865,Tocilizumab
tamoxifen,RXCUI:10324,tamoxifen
anastrozole,RXCUI:84857,Anastrozole
letrozole,RXCUI:72965,Letrozole
exemestane,RXCUI:258494,Exemestane
bicalutamide,RXCUI:83008,Bicalutamide
leuprolide,RXCUI:42375,leuprolide
finasteride,RXCUI:25025,Finasteride
dutasteride,RXCUI:228790,Dutasteride
tamsulosin,RXCUI:77492,TAMSULOSIN
alfuzosin,RXCUI:17300,alfuzosin
silodosin,RXCUI:720825,Silodosin
sildenafil,RXCUI:136411,SILDENAFIL
tadalafil,RXCUI:358263,Tadalafil
oxybutynin,RXCUI:32675,OXYBUTYNIN
tolterodine,RXCUI:119565,TOLTERODINE
solifenacin,RXCUI:322167,solifenacin
mirabegron,RXCUI:1300786,Mirabegron
desmopressin,RXCUI:3251,DESMOPRESSIN
estradiol,RXCUI:4083,Estradiol
conjugated estrogens,RXCUI:4099,Conjugated Estrogens
medroxyprogesterone,RXCUI:6691,medroxyprogesterone
norethindrone,RXCUI:7514,Norethindrone
levonorgestrel,RXCUI:6373,Levonorgestrel
ethinyl estradiol,RXCUI:4124,Ethinyl Estradiol
testosterone,RXCUI:10379,Testosterone
clomiphene,RXCUI:2596,clomiphene
sodium bicarbonate,RXCUI:36676,Sodium Bicarbonate
acetylcysteine,RXCUI:197,Acetylcysteine
ursodiol,RXCUI:858747,URSADIOL 300 mg ORAL CAPSULE [Ursodiol]
lactobacillus,RXCUI:6204,lactobacillus
omega-3 acid ethyl esters,RXCUI:484348,Omega-3-Acid Ethyl Esters
cholestyramine,RXCUI:2447,CHOLESTYRAMINE
colesevelam,RXCUI:141626,COLESEVELAM
orlistat,RXCUI:37925,Orlistat
phentermine,RXCUI:8152,phentermine
liraglutide,RXCUI:475968,Liraglutide
semaglutide,RXCUI:1991302,Semaglutide
dulaglutide,RXCUI:1551291,Dulaglutide
exenatide,RXCUI:60548,Exenatide
acarbose,RXCUI:16681,Acarbose
repaglinide,RXCUI:73044,Repaglinide
nateglinide,RXCUI:274332,Nateglinide
canagliflozin,RXCUI:1373458,Canagliflozin
ertugliflozin,RXCUI:1992672,ertugliflozin
saxagliptin,RXCUI:857974,Saxagliptin
alogliptin,RXCUI:1368001,alogliptin
insulin detemir,RXCUI:139825,Insulin Detemir
insulin lispro,RXCUI:86009,Insulin Lispro
insulin degludec,RXCUI:1670007,Insulin degludec
insulin NPH,RXCUI:317235,"INSULIN,NPH,BEEF"
glyburide,RXCUI:4815,Glyburide
chlorpropamide,RXCUI:2404,Chlorpropamide
tolbutamide,RXCUI:10635,Tolbutamide
rosiglitazone,RXCUI:84108,rosiglitazone
bromocriptine,RXCUI:1760,bromocriptine
cabergoline,RXCUI:47579,Cabergoline
octreotide,RXCUI:7617,octreotide
somatropin,RXCUI:61148,Somatropin
methyltestosterone,RXCUI:6904,Methyltestosterone
danazol,RXCUI:3102,Danazol
raloxifene,RXCUI:72143,raloxifene
teriparatide,RXCUI:32915,Teriparatide
cinacalcet,RXCUI:407990,cinacalcet
sevelamer,RXCUI:214824,sevelamer
lanthanum,RXCUI:1311070,lanthanum
epoetin alfa,RXCUI:105694,epoetin alfa
darbepoetin alfa,RXCUI:283838,Darbepoetin Alfa
filgrastim,RXCUI:68442,Filgrastim
hydroxyurea,RXCUI:5552,Hydroxyurea
anagrelide,RXCUI:596724,anagrelide
deferasirox,RXCUI:614373,Deferasirox
tranexamic acid,RXCUI:10691,Tranexamic Acid
aminocaproic acid,RXCUI:99,Aminocaproic Acid
protamine,RXCUI:8826,protamines
phytonadione,RXCUI:8308,Phytonadione
vitamin E,RXCUI:11256,Vitamin E
thiamine,RXCUI:10454,thiamine
riboflavin,RXCUI:9346,Riboflavin
niacinamide,RXCUI:7405,Niacinamide
pyridoxine,RXCUI:684879,PYRIDOXINE
biotin,RXCUI:1588,Biotin
ascorbic acid,RXCUI:1151,Ascorbic Acid
retinol,RXCUI:11246,retinol
zinc sulfate,RXCUI:39954,Zinc Sulfate
selenium,RXCUI:9641,selenium
